Top pages,Clicks,Impressions,CTR,Position
https://p2pxbt.com/buy-usdt-bangalore-bank-transfer,2,6,33.33%,40
https://p2pxbt.com/buy-usdt-kolkata-bank-transfer,2,4,50%,45.25
https://p2pxbt.com/buy-usdt-interac,2,3,66.67%,1
https://p2pxbt.com/,2,3,66.67%,3
https://p2pxbt.com/blog/buy-crypto-without-kyc,1,173,0.58%,71.8
https://p2pxbt.com/buy-usdt-upi,1,19,5.26%,57.63
https://p2pxbt.com/buy-usdt-india-upi,1,9,11.11%,97.44
https://p2pxbt.com/buy-ethereum,1,8,12.5%,89.62
https://p2pxbt.com/buy-usdt-hyderabad-upi,1,7,14.29%,33.43
https://p2pxbt.com/sell-usdt-chennai,1,7,14.29%,34.43
https://p2pxbt.com/buy-usdt-hyderabad-bank-transfer,1,5,20%,15.6
https://p2pxbt.com/buy-usdt-delhi-upi,1,5,20%,120.4
https://p2pxbt.com/buy-usdt-delhi-bank-transfer,1,4,25%,60.75
https://p2pxbt.com/sell-usdt-kolkata,1,2,50%,26
https://p2pxbt.com/buy-ethereum-philippines,0,115,0%,69.66
https://p2pxbt.com/buy-solana-usa,0,109,0%,89.87
https://p2pxbt.com/buy-solana-usa-paypal,0,67,0%,80.01
https://p2pxbt.com/buy-ethereum-philippines-gcash,0,64,0%,80.28
https://p2pxbt.com/buy-usdt-usa-paypal,0,64,0%,83.06
https://p2pxbt.com/buy-ethereum-australia,0,43,0%,86.21
https://p2pxbt.com/buy-bitcoin-sepa/,0,41,0%,80.32
https://p2pxbt.com/buy-ethereum-singapore,0,37,0%,78.86
https://p2pxbt.com/buy-bitcoin-usa-zelle,0,36,0%,81.83
https://p2pxbt.com/buy-ethereum-uk,0,32,0%,81.12
https://p2pxbt.com/buy-bitcoin-kenya,0,30,0%,75.13
https://p2pxbt.com/buy-bitcoin-sepa,0,28,0%,78.71
https://p2pxbt.com/buy-solana-australia-bank-transfer,0,28,0%,82.71
https://p2pxbt.com/buy-bitcoin-interac,0,27,0%,78
https://p2pxbt.com/buy-usdt-usa,0,26,0%,87.65
https://p2pxbt.com/buy-ethereum-usa-paypal,0,23,0%,77.43
https://p2pxbt.com/buy-usdt-canada,0,22,0%,79.36
https://p2pxbt.com/buy-solana-australia,0,20,0%,74.65
https://p2pxbt.com/singapore,0,16,0%,76.19
https://p2pxbt.com/buy-usdt-uae-bank-transfer,0,14,0%,73.5
https://p2pxbt.com/buy-usdt,0,12,0%,48.33
https://p2pxbt.com/buy-bitcoin-uk-revolut,0,11,0%,45.18
https://p2pxbt.com/buy-solana-usa-venmo,0,11,0%,90.45
https://p2pxbt.com/buy-usdt-singapore,0,10,0%,88.6
https://p2pxbt.com/buy-bitcoin-singapore,0,9,0%,80.33
https://p2pxbt.com/buy-ethereum-singapore-bank-transfer,0,9,0%,81.33
https://p2pxbt.com/buy-ethereum-nigeria,0,9,0%,83.33
https://p2pxbt.com/buy-bitcoin-uk,0,8,0%,65.5
https://p2pxbt.com/buy-bitcoin-upi,0,8,0%,65.5
https://p2pxbt.com/buy-ethereum-uae,0,8,0%,86.62
https://p2pxbt.com/australia,0,7,0%,70.86
https://p2pxbt.com/buy-solana-uk-bank-transfer,0,7,0%,76.86
https://p2pxbt.com/buy-solana-bank-transfer/,0,7,0%,88.71
https://p2pxbt.com/buy-bitcoin-nigeria,0,7,0%,92.14
https://p2pxbt.com/buy-usdt-india/,0,6,0%,52
https://p2pxbt.com/buy-ethereum-india-upi,0,6,0%,82
https://p2pxbt.com/buy-ethereum-pix/,0,5,0%,80.6
https://p2pxbt.com/buy-usdt-nigeria,0,5,0%,81
https://p2pxbt.com/buy-usdt-uk-bank-transfer,0,5,0%,84.6
https://p2pxbt.com/buy-ethereum-germany-bank-transfer,0,5,0%,87
https://p2pxbt.com/buy-usdt-india,0,4,0%,35.5
http://p2pxbt.com/sell-usdt-india,0,4,0%,50.75
https://p2pxbt.com/buy-usdt-uae,0,4,0%,85.25
https://p2pxbt.com/buy-bitcoin-australia,0,4,0%,85.75
https://p2pxbt.com/buy-ethereum-uk-revolut,0,4,0%,86.75
https://p2pxbt.com/buy-bitcoin-nigeria-bank-transfer,0,4,0%,93
https://p2pxbt.com/buy-solana-turkey,0,3,0%,3
https://p2pxbt.com/buy-usdt-kenya-mpesa,0,3,0%,50.67
https://p2pxbt.com/buy-ethereum-usa,0,3,0%,60.33
https://p2pxbt.com/buy-ethereum-india,0,3,0%,67
https://p2pxbt.com/buy-bitcoin-turkey,0,3,0%,70
https://p2pxbt.com/buy-ethereum-pix,0,3,0%,79.33
https://p2pxbt.com/buy-ethereum-uae-bank-transfer,0,3,0%,82
https://p2pxbt.com/buy-solana-germany,0,3,0%,82
https://p2pxbt.com/buy-solana-uk-revolut,0,3,0%,83.33
https://p2pxbt.com/buy-usdt-pune-upi,0,3,0%,91.67
https://p2pxbt.com/buy-usdt-mumbai-upi,0,3,0%,98.33
https://p2pxbt.com/buy-usdt-india-bank-transfer,0,2,0%,46
https://p2pxbt.com/buy-ethereum-canada,0,2,0%,56.5
https://p2pxbt.com/buy-bitcoin-gcash,0,2,0%,57.5
https://p2pxbt.com/buy-ethereum-germany,0,2,0%,65
https://p2pxbt.com/buy-bitcoin-uae,0,2,0%,73.5
https://p2pxbt.com/buy-usdt-germany,0,2,0%,87
https://p2pxbt.com/buy-usdt-uk,0,2,0%,88.5
https://p2pxbt.com/buy-usdt-germany-bank-transfer,0,2,0%,89
https://p2pxbt.com/buy-ethereum-usa-venmo,0,2,0%,92
https://p2pxbt.com/buy-usdt-kolkata-upi,0,2,0%,93
https://p2pxbt.com/buy-ethereum-usa-zelle,0,2,0%,99.5
https://p2pxbt.com/buy-usdt-gcash/,0,1,0%,1
https://p2pxbt.com/contact/,0,1,0%,3
https://p2pxbt.com/buy-usdt-uk-revolut,0,1,0%,5
https://p2pxbt.com/buy-bitcoin,0,1,0%,6
https://p2pxbt.com/buy-solana-philippines-gcash,0,1,0%,7
https://p2pxbt.com/fees/,0,1,0%,7
https://p2pxbt.com/buy-solana-indonesia,0,1,0%,8
https://p2pxbt.com/how-it-works/,0,1,0%,8
https://p2pxbt.com/buy-solana-usa-zelle,0,1,0%,10
https://p2pxbt.com/mexico/,0,1,0%,10
http://p2pxbt.com/sell-usdt-kolkata,0,1,0%,19
https://p2pxbt.com/buy-usdt-kenya,0,1,0%,22
https://p2pxbt.com/buy-usdt-india-imps,0,1,0%,23
http://p2pxbt.com/sell-usdt-pune,0,1,0%,24
https://p2pxbt.com/buy-solana-brazil,0,1,0%,38
https://p2pxbt.com/buy-solana-singapore-bank-transfer,0,1,0%,42
https://p2pxbt.com/buy-usdt-brazil,0,1,0%,44
https://p2pxbt.com/buy-ethereum-kenya,0,1,0%,46
http://p2pxbt.com/buy-usdt-chennai,0,1,0%,50
https://p2pxbt.com/buy-usdt-revolut,0,1,0%,54
https://p2pxbt.com/buy-solana-nigeria,0,1,0%,69
https://p2pxbt.com/buy-solana,0,1,0%,71
https://p2pxbt.com/buy-bitcoin-australia-bank-transfer,0,1,0%,80
https://p2pxbt.com/buy-usdt-australia,0,1,0%,81
https://p2pxbt.com/buy-ethereum-turkey,0,1,0%,85
https://p2pxbt.com/buy-bitcoin-usa,0,1,0%,94
https://p2pxbt.com/buy-solana-usa-cashapp,0,1,0%,98
https://p2pxbt.com/buy-solana-uae-bank-transfer,0,1,0%,99
https://p2pxbt.com/buy-usdt-brazil-pix,0,1,0%,103
https://p2pxbt.com/buy-usdt-usa-zelle,0,1,0%,105
https://p2pxbt.com/buy-usdt-bangalore-upi,0,1,0%,161